slot,day,cost
1,1,0
2,1,0
3,1,0
4,1.3333333333333333,500
5,1.6666666666666665,4400
6,3.3333333333333335,61000
7,8.333333333333334,1300000
8,27.333333333333332,42000000
4,31.333333333333332,500
5,31.333333333333332,4400
6,31.666666666666668,61000
7,32.333333333333336,1300000
8,35,42000000
9,44,1800000000
10,65.66666666666667,98000000000
11,79.33333333333333,6800000000000