slot,day,cost
1,1,0
2,1,0
3,1,0
4,1.3333333333333333,500
5,1.6666666666666665,4400
6,3.3333333333333335,61000
4,7.333333333333333,500
5,7.666666666666667,4400
6,8.666666666666666,61000
7,12,1300000
8,23.333333333333332,42000000